driver,month,n_bugs,n_files,n_lines
CDRIVER,2009-12,0,0,0
CDRIVER,2010-01,0,0,0
CDRIVER,2010-02,0,0,0
CDRIVER,2010-03,0,0,0
CDRIVER,2010-04,0,0,0
CDRIVER,2010-05,0,0,0
CDRIVER,2010-06,0,0,0
CDRIVER,2010-07,0,0,0
CDRIVER,2010-08,0,0,0
CDRIVER,2010-09,0,0,0
CDRIVER,2010-10,0,0,0
CDRIVER,2010-11,0,0,0
CDRIVER,2010-12,0,0,0
CDRIVER,2011-01,0,0,0
CDRIVER,2011-02,0,0,0
CDRIVER,2011-03,0,0,0
CDRIVER,2011-04,0,0,0
CDRIVER,2011-05,0,0,0
CDRIVER,2011-06,0,0,0
CDRIVER,2011-07,0,0,0
CDRIVER,2011-08,0,0,0
CDRIVER,2011-09,0,0,0
CDRIVER,2011-10,0,0,0
CDRIVER,2011-11,0,0,0
CDRIVER,2011-12,0,0,0
CDRIVER,2012-01,0,0,0
CDRIVER,2012-02,0,0,0
CDRIVER,2012-03,0,0,0
CDRIVER,2012-04,0,0,0
CDRIVER,2012-05,0,0,0
CDRIVER,2012-06,0,0,0
CDRIVER,2012-07,0,0,0
CDRIVER,2012-08,0,0,0
CDRIVER,2012-09,0,0,0
CDRIVER,2012-10,0,0,0
CDRIVER,2012-11,0,0,0
CDRIVER,2012-12,0,0,0
CDRIVER,2013-01,0,0,0
CDRIVER,2013-02,0,0,0
CDRIVER,2013-03,0,0,0
CDRIVER,2013-04,0,0,0
CDRIVER,2013-05,0,0,0
CDRIVER,2013-06,0,0,0
CDRIVER,2013-07,0,0,0
CDRIVER,2013-08,0,0,0
CDRIVER,2013-09,0,0,0
CDRIVER,2013-10,0,0,0
CDRIVER,2013-11,1,0,0
CDRIVER,2013-12,0,0,0
CDRIVER,2014-01,0,0,0
CDRIVER,2014-02,0,0,0
CDRIVER,2014-03,0,0,0
CDRIVER,2014-04,0,0,0
CDRIVER,2014-05,1,0,0
CDRIVER,2014-06,0,0,0
CDRIVER,2014-07,0,0,0
CDRIVER,2014-08,1,0,0
CDRIVER,2014-09,0,0,0
CDRIVER,2014-10,0,0,0
CDRIVER,2014-11,0,0,0
CDRIVER,2014-12,0,0,0
CDRIVER,2015-01,0,0,0
CDRIVER,2015-02,1,0,0
CDRIVER,2015-03,0,0,0
CDRIVER,2015-04,1,0,0
CDRIVER,2015-05,7,0,0
CDRIVER,2015-06,3,0,0
CDRIVER,2015-07,2,0,0
CDRIVER,2015-08,1,0,0
CDRIVER,2015-09,0,0,0
CDRIVER,2015-10,2,0,0
CDRIVER,2015-11,0,0,0
CDRIVER,2015-12,0,0,0
CDRIVER,2016-01,1,0,0
CDRIVER,2016-02,1,0,0
CDRIVER,2016-03,0,0,0
CDRIVER,2016-04,1,0,0
CDRIVER,2016-05,0,0,0
CDRIVER,2016-06,0,0,0
CDRIVER,2016-07,1,0,0
CDRIVER,2016-08,0,0,0
CDRIVER,2016-09,0,0,0
CDRIVER,2016-10,2,0,0
CDRIVER,2016-11,0,0,0
CDRIVER,2016-12,0,0,0
CDRIVER,2017-01,1,0,0
CDRIVER,2017-02,1,0,0
CDRIVER,2017-03,0,0,0
CDRIVER,2017-04,0,0,0
CDRIVER,2017-05,0,0,0
CDRIVER,2017-06,0,0,0
CDRIVER,2017-07,0,0,0
CDRIVER,2017-08,0,0,0
CDRIVER,2017-09,0,0,0
CDRIVER,2017-10,0,0,0
CDRIVER,2017-11,0,0,0
CDRIVER,2017-12,0,0,0
CDRIVER,2018-01,0,0,0
CDRIVER,2018-02,0,0,0
CDRIVER,2018-03,1,0,0
CDRIVER,2018-04,0,0,0
CDRIVER,2018-05,2,0,0
CDRIVER,2018-06,0,2,159
CDRIVER,2018-07,2,32,3732
CDRIVER,2018-08,0,32,3732
CDRIVER,2018-09,0,32,3732
CDRIVER,2018-10,0,35,4894
CDRIVER,2018-11,0,35,4894
CDRIVER,2018-12,0,35,4894
CDRIVER,2019-01,0,35,4894
CDRIVER,2019-02,0,35,4894
CDRIVER,2019-03,1,76,7776
CDRIVER,2019-04,0,76,7776
CDRIVER,2019-05,0,76,7776
CDRIVER,2019-06,0,76,7776
CDRIVER,2019-07,0,40,6145
CDRIVER,2019-08,2,40,6142
CDRIVER,2019-09,0,40,6142
CDRIVER,2019-10,0,40,6142
CDRIVER,2019-11,0,40,6142
CDRIVER,2019-12,0,40,6142
CDRIVER,2020-01,1,44,7029
CDRIVER,2020-02,0,51,7809
CDRIVER,2020-03,0,89,13251
CDRIVER,2020-04,0,89,13251
CDRIVER,2020-05,0,90,13361
CDRIVER,2020-06,0,90,13361
CDRIVER,2020-07,0,90,13361
CDRIVER,2020-08,0,90,13361
CDRIVER,2020-09,0,90,13361
CDRIVER,2020-10,0,90,13361
CDRIVER,2020-11,0,90,13361
CDRIVER,2020-12,0,90,13361
CDRIVER,2021-01,0,90,13361
CDRIVER,2021-02,0,90,13361
CDRIVER,2021-03,1,91,13923
CDRIVER,2021-04,0,91,13923
CDRIVER,2021-05,0,91,13923
CDRIVER,2021-06,0,101,21115
CDRIVER,2021-07,0,101,21133
CDRIVER,2021-08,0,101,21133
CDRIVER,2021-09,0,101,21133
CDRIVER,2021-10,0,101,21133
CDRIVER,2021-11,0,101,21133
CDRIVER,2021-12,0,101,21133
CDRIVER,2022-01,0,103,22039
CDRIVER,2022-02,0,103,22039
CDRIVER,2022-03,0,117,24840
CDRIVER,2022-04,0,117,24840
CDRIVER,2022-05,1,145,32383
CDRIVER,2022-06,0,135,30760
CDRIVER,2022-07,0,135,30760
CDRIVER,2022-08,0,135,30760
CDRIVER,2022-09,0,135,30760
CDRIVER,2022-10,0,135,30760
CDRIVER,2022-11,0,141,31321
CDRIVER,2022-12,0,141,31321
CDRIVER,2023-01,0,141,31321
CDRIVER,2023-02,0,141,31321
CDRIVER,2023-03,0,141,31321
CDRIVER,2023-04,0,141,31321
CDRIVER,2023-05,0,141,31321
CDRIVER,2023-06,0,141,31321
CDRIVER,2023-07,0,141,31321
CDRIVER,2023-08,0,141,31321
CDRIVER,2023-09,0,141,31321
CDRIVER,2023-10,0,141,31321
CDRIVER,2023-11,0,141,31321
CDRIVER,2023-12,0,141,31321
CDRIVER,2024-01,0,141,31321
CDRIVER,2024-02,0,141,31321
CDRIVER,2024-03,0,141,31321
CDRIVER,2024-04,0,141,31321
CDRIVER,2024-05,0,151,35682
CDRIVER,2024-06,0,151,35682
CDRIVER,2024-07,0,151,35682
CDRIVER,2024-08,0,151,35682
CDRIVER,2024-09,0,151,35562
CDRIVER,2024-10,0,152,36161
CDRIVER,2024-11,0,152,36161
CDRIVER,2024-12,0,158,37457
CDRIVER,2025-01,0,158,37457
CDRIVER,2025-02,0,158,37457
CDRIVER,2025-03,0,158,37457
CDRIVER,2025-04,0,158,37457
CDRIVER,2025-05,0,158,37457
CDRIVER,2025-06,0,158,37457
CDRIVER,2025-07,0,158,37457
CDRIVER,2025-08,0,158,37457
CDRIVER,2025-09,0,158,37457
CDRIVER,2025-10,1,158,37457
CDRIVER,2025-11,0,158,37457
CDRIVER,2025-12,0,158,37457
CDRIVER,2026-01,0,158,37457
CDRIVER,2026-02,0,158,37457
CDRIVER,2026-03,0,158,37457
CDRIVER,2026-04,0,158,37457
CSHARP,2010-02,0,0,0
CSHARP,2010-03,0,0,0
CSHARP,2010-04,0,0,0
CSHARP,2010-05,0,0,0
CSHARP,2010-06,0,0,0
CSHARP,2010-07,0,0,0
CSHARP,2010-08,0,0,0
CSHARP,2010-09,0,0,0
CSHARP,2010-10,0,0,0
CSHARP,2010-11,0,0,0
CSHARP,2010-12,0,0,0
CSHARP,2011-01,0,0,0
CSHARP,2011-02,0,0,0
CSHARP,2011-03,0,0,0
CSHARP,2011-04,0,0,0
CSHARP,2011-05,0,0,0
CSHARP,2011-06,0,0,0
CSHARP,2011-07,0,0,0
CSHARP,2011-08,0,0,0
CSHARP,2011-09,0,0,0
CSHARP,2011-10,0,0,0
CSHARP,2011-11,0,0,0
CSHARP,2011-12,0,0,0
CSHARP,2012-01,0,0,0
CSHARP,2012-02,0,0,0
CSHARP,2012-03,0,0,0
CSHARP,2012-04,0,0,0
CSHARP,2012-05,0,0,0
CSHARP,2012-06,0,0,0
CSHARP,2012-07,0,0,0
CSHARP,2012-08,0,0,0
CSHARP,2012-09,0,0,0
CSHARP,2012-10,0,0,0
CSHARP,2012-11,0,0,0
CSHARP,2012-12,0,0,0
CSHARP,2013-01,0,0,0
CSHARP,2013-02,0,0,0
CSHARP,2013-03,1,0,0
CSHARP,2013-04,0,0,0
CSHARP,2013-05,0,0,0
CSHARP,2013-06,0,0,0
CSHARP,2013-07,0,0,0
CSHARP,2013-08,0,0,0
CSHARP,2013-09,0,0,0
CSHARP,2013-10,0,0,0
CSHARP,2013-11,0,0,0
CSHARP,2013-12,0,0,0
CSHARP,2014-01,0,0,0
CSHARP,2014-02,0,0,0
CSHARP,2014-03,0,0,0
CSHARP,2014-04,2,0,0
CSHARP,2014-05,0,0,0
CSHARP,2014-06,1,0,0
CSHARP,2014-07,0,0,0
CSHARP,2014-08,0,0,0
CSHARP,2014-09,0,0,0
CSHARP,2014-10,0,0,0
CSHARP,2014-11,0,0,0
CSHARP,2014-12,0,0,0
CSHARP,2015-01,0,0,0
CSHARP,2015-02,0,0,0
CSHARP,2015-03,0,28,2835
CSHARP,2015-04,1,28,2835
CSHARP,2015-05,0,28,2835
CSHARP,2015-06,0,28,2835
CSHARP,2015-07,1,28,2835
CSHARP,2015-08,0,28,2835
CSHARP,2015-09,0,28,2835
CSHARP,2015-10,0,28,2835
CSHARP,2015-11,0,28,2835
CSHARP,2015-12,0,28,2835
CSHARP,2016-01,0,28,2835
CSHARP,2016-02,0,28,2835
CSHARP,2016-03,0,28,2835
CSHARP,2016-04,0,28,2835
CSHARP,2016-05,0,28,2835
CSHARP,2016-06,0,28,2835
CSHARP,2016-07,0,56,5670
CSHARP,2016-08,0,56,5670
CSHARP,2016-09,0,56,5670
CSHARP,2016-10,0,56,5670
CSHARP,2016-11,1,116,7750
CSHARP,2016-12,0,116,7750
CSHARP,2017-01,0,116,7750
CSHARP,2017-02,0,122,8714
CSHARP,2017-03,0,122,8714
CSHARP,2017-04,0,122,8714
CSHARP,2017-05,0,122,8714
CSHARP,2017-06,0,122,8714
CSHARP,2017-07,0,122,8714
CSHARP,2017-08,0,122,8714
CSHARP,2017-09,0,130,9866
CSHARP,2017-10,0,130,9866
CSHARP,2017-11,0,130,9866
CSHARP,2017-12,2,130,9866
CSHARP,2018-01,0,130,9866
CSHARP,2018-02,0,130,9866
CSHARP,2018-03,1,130,9866
CSHARP,2018-04,0,144,11982
CSHARP,2018-05,0,144,11982
CSHARP,2018-06,0,144,11982
CSHARP,2018-07,0,144,11982
CSHARP,2018-08,0,144,11982
CSHARP,2018-09,0,144,11982
CSHARP,2018-10,0,144,11982
CSHARP,2018-11,0,144,11982
CSHARP,2018-12,0,72,5991
CSHARP,2019-01,0,72,5991
CSHARP,2019-02,0,72,5991
CSHARP,2019-03,0,72,5991
CSHARP,2019-04,0,72,5991
CSHARP,2019-05,0,74,6474
CSHARP,2019-06,0,78,7003
CSHARP,2019-07,0,78,6911
CSHARP,2019-08,0,80,8524
CSHARP,2019-09,0,80,8524
CSHARP,2019-10,0,80,8524
CSHARP,2019-11,0,80,8524
CSHARP,2019-12,0,80,8524
CSHARP,2020-01,0,80,8524
CSHARP,2020-02,0,102,10627
CSHARP,2020-03,0,102,10627
CSHARP,2020-04,1,142,14208
CSHARP,2020-05,0,158,16283
CSHARP,2020-06,0,162,16448
CSHARP,2020-07,0,162,16448
CSHARP,2020-08,0,162,16448
CSHARP,2020-09,0,162,16448
CSHARP,2020-10,0,162,16448
CSHARP,2020-11,0,162,16448
CSHARP,2020-12,0,162,16448
CSHARP,2021-01,0,162,16448
CSHARP,2021-02,0,162,16448
CSHARP,2021-03,0,164,17263
CSHARP,2021-04,0,164,17263
CSHARP,2021-05,0,164,17263
CSHARP,2021-06,0,178,23593
CSHARP,2021-07,0,180,24267
CSHARP,2021-08,0,180,24267
CSHARP,2021-09,0,180,24267
CSHARP,2021-10,0,180,24267
CSHARP,2021-11,1,180,24267
CSHARP,2021-12,0,180,24267
CSHARP,2022-01,0,202,27886
CSHARP,2022-02,0,226,32563
CSHARP,2022-03,0,226,32565
CSHARP,2022-04,0,228,33095
CSHARP,2022-05,0,244,38891
CSHARP,2022-06,0,244,38891
CSHARP,2022-07,0,246,39159
CSHARP,2022-08,0,246,39159
CSHARP,2022-09,0,246,39159
CSHARP,2022-10,0,246,39159
CSHARP,2022-11,0,246,39159
CSHARP,2022-12,0,246,39159
CSHARP,2023-01,0,246,39159
CSHARP,2023-02,0,246,39159
CSHARP,2023-03,0,246,39159
CSHARP,2023-04,0,246,39159
CSHARP,2023-05,0,246,39159
CSHARP,2023-06,0,246,39159
CSHARP,2023-07,0,246,39159
CSHARP,2023-08,0,246,39159
CSHARP,2023-09,0,246,39159
CSHARP,2023-10,0,246,39159
CSHARP,2023-11,0,246,39159
CSHARP,2023-12,0,246,39159
CSHARP,2024-01,0,246,39159
CSHARP,2024-02,0,246,39159
CSHARP,2024-03,0,246,39159
CSHARP,2024-04,0,246,39159
CSHARP,2024-05,0,246,39159
CSHARP,2024-06,0,246,39159
CSHARP,2024-07,0,246,39159
CSHARP,2024-08,0,246,39159
CSHARP,2024-09,0,246,39159
CSHARP,2024-10,0,268,46299
CSHARP,2024-11,0,280,47947
CSHARP,2024-12,0,280,47947
CSHARP,2025-01,0,280,47947
CSHARP,2025-02,0,280,47947
CSHARP,2025-03,0,280,47947
CSHARP,2025-04,0,282,48285
CSHARP,2025-05,0,282,48285
CSHARP,2025-06,0,282,48285
CSHARP,2025-07,0,284,49210
CSHARP,2025-08,0,284,49210
CSHARP,2025-09,0,284,49210
CSHARP,2025-10,0,284,49210
CSHARP,2025-11,0,284,49210
CSHARP,2025-12,0,284,49210
CSHARP,2026-01,0,284,49210
CSHARP,2026-02,0,284,49210
CSHARP,2026-03,0,284,49210
CSHARP,2026-04,0,284,49210
CXX,2010-06,0,0,0
CXX,2010-07,0,0,0
CXX,2010-08,0,0,0
CXX,2010-09,0,0,0
CXX,2010-10,0,0,0
CXX,2010-11,0,0,0
CXX,2010-12,0,0,0
CXX,2011-01,0,0,0
CXX,2011-02,0,0,0
CXX,2011-03,0,0,0
CXX,2011-04,0,0,0
CXX,2011-05,0,0,0
CXX,2011-06,0,0,0
CXX,2011-07,0,0,0
CXX,2011-08,0,0,0
CXX,2011-09,0,0,0
CXX,2011-10,0,0,0
CXX,2011-11,0,0,0
CXX,2011-12,0,0,0
CXX,2012-01,0,0,0
CXX,2012-02,0,0,0
CXX,2012-03,0,0,0
CXX,2012-04,0,0,0
CXX,2012-05,0,0,0
CXX,2012-06,0,0,0
CXX,2012-07,0,0,0
CXX,2012-08,0,0,0
CXX,2012-09,0,0,0
CXX,2012-10,0,0,0
CXX,2012-11,0,0,0
CXX,2012-12,0,0,0
CXX,2013-01,0,0,0
CXX,2013-02,0,0,0
CXX,2013-03,0,0,0
CXX,2013-04,0,0,0
CXX,2013-05,0,0,0
CXX,2013-06,0,0,0
CXX,2013-07,0,0,0
CXX,2013-08,0,0,0
CXX,2013-09,0,0,0
CXX,2013-10,0,0,0
CXX,2013-11,0,0,0
CXX,2013-12,0,0,0
CXX,2014-01,0,0,0
CXX,2014-02,0,0,0
CXX,2014-03,0,0,0
CXX,2014-04,0,0,0
CXX,2014-05,0,0,0
CXX,2014-06,0,0,0
CXX,2014-07,0,0,0
CXX,2014-08,0,0,0
CXX,2014-09,0,0,0
CXX,2014-10,0,0,0
CXX,2014-11,0,0,0
CXX,2014-12,0,0,0
CXX,2015-01,0,0,0
CXX,2015-02,0,0,0
CXX,2015-03,0,0,0
CXX,2015-04,0,0,0
CXX,2015-05,0,0,0
CXX,2015-06,0,0,0
CXX,2015-07,0,0,0
CXX,2015-08,0,0,0
CXX,2015-09,0,0,0
CXX,2015-10,0,0,0
CXX,2015-11,1,0,0
CXX,2015-12,0,0,0
CXX,2016-01,3,0,0
CXX,2016-02,1,0,0
CXX,2016-03,0,0,0
CXX,2016-04,0,0,0
CXX,2016-05,0,0,0
CXX,2016-06,0,0,0
CXX,2016-07,0,0,0
CXX,2016-08,0,0,0
CXX,2016-09,1,0,0
CXX,2016-10,2,0,0
CXX,2016-11,1,0,0
CXX,2016-12,0,0,0
CXX,2017-01,0,64,4839
CXX,2017-02,0,64,4839
CXX,2017-03,1,64,4839
CXX,2017-04,0,64,4839
CXX,2017-05,1,64,4839
CXX,2017-06,0,64,4839
CXX,2017-07,1,64,4839
CXX,2017-08,0,64,4839
CXX,2017-09,0,64,4839
CXX,2017-10,0,64,4839
CXX,2017-11,0,64,4839
CXX,2017-12,0,64,4839
CXX,2018-01,0,64,4839
CXX,2018-02,0,64,4839
CXX,2018-03,0,64,4839
CXX,2018-04,0,64,4839
CXX,2018-05,0,72,6060
CXX,2018-06,0,72,6060
CXX,2018-07,1,72,6060
CXX,2018-08,0,74,6255
CXX,2018-09,0,74,6255
CXX,2018-10,0,78,7875
CXX,2018-11,0,78,7875
CXX,2018-12,0,78,7875
CXX,2019-01,0,78,7875
CXX,2019-02,0,78,7875
CXX,2019-03,0,78,7875
CXX,2019-04,0,78,7875
CXX,2019-05,0,78,7875
CXX,2019-06,0,78,7875
CXX,2019-07,0,78,7875
CXX,2019-08,0,78,7875
CXX,2019-09,0,78,7875
CXX,2019-10,0,96,10363
CXX,2019-11,0,80,8775
CXX,2019-12,0,80,8765
CXX,2020-01,0,80,8760
CXX,2020-02,0,80,8758
CXX,2020-03,0,80,8758
CXX,2020-04,0,100,10314
CXX,2020-05,0,100,10314
CXX,2020-06,0,100,10314
CXX,2020-07,0,143,16514
CXX,2020-08,0,89,13259
CXX,2020-09,0,89,13259
CXX,2020-10,0,89,13259
CXX,2020-11,0,89,13259
CXX,2020-12,0,89,13259
CXX,2021-01,0,89,13259
CXX,2021-02,0,89,13259
CXX,2021-03,0,89,13259
CXX,2021-04,0,89,13259
CXX,2021-05,0,90,13821
CXX,2021-06,0,90,13821
CXX,2021-07,0,90,13821
CXX,2021-08,0,90,13821
CXX,2021-09,0,90,13821
CXX,2021-10,0,90,13821
CXX,2021-11,0,90,13821
CXX,2021-12,0,90,13821
CXX,2022-01,0,90,13821
CXX,2022-02,0,91,14299
CXX,2022-03,0,91,14299
CXX,2022-04,0,91,14299
CXX,2022-05,0,91,14299
CXX,2022-06,1,109,23901
CXX,2022-07,0,118,25627
CXX,2022-08,0,133,29877
CXX,2022-09,0,133,29877
CXX,2022-10,0,133,29877
CXX,2022-11,0,133,29877
CXX,2022-12,0,133,29877
CXX,2023-01,0,133,29877
CXX,2023-02,0,136,30938
CXX,2023-03,0,136,30938
CXX,2023-04,1,136,30938
CXX,2023-05,0,136,30938
CXX,2023-06,0,136,30938
CXX,2023-07,0,136,30938
CXX,2023-08,0,136,30938
CXX,2023-09,0,136,30938
CXX,2023-10,0,136,30938
CXX,2023-11,0,136,30938
CXX,2023-12,0,136,30938
CXX,2024-01,0,136,30938
CXX,2024-02,0,136,30938
CXX,2024-03,0,136,30938
CXX,2024-04,0,136,30938
CXX,2024-05,0,136,30938
CXX,2024-06,0,136,30938
CXX,2024-07,0,136,30938
CXX,2024-08,0,136,30938
CXX,2024-09,0,136,30818
CXX,2024-10,0,136,30818
CXX,2024-11,0,136,30818
CXX,2024-12,0,136,30818
CXX,2025-01,0,142,32112
CXX,2025-02,0,142,32112
CXX,2025-03,0,142,32112
CXX,2025-04,0,142,32112
CXX,2025-05,0,142,32112
CXX,2025-06,0,142,32112
CXX,2025-07,0,142,32112
CXX,2025-08,0,142,32112
CXX,2025-09,0,142,32112
CXX,2025-10,0,142,32112
CXX,2025-11,0,142,32112
CXX,2025-12,0,142,32112
CXX,2026-01,0,142,32112
CXX,2026-02,0,142,32112
CXX,2026-03,0,142,32112
CXX,2026-04,0,142,32112
GODRIVER,2017-03,0,32,1431
GODRIVER,2017-04,0,32,1431
GODRIVER,2017-05,0,32,1431
GODRIVER,2017-06,0,32,1431
GODRIVER,2017-07,0,32,1431
GODRIVER,2017-08,0,32,1431
GODRIVER,2017-09,1,32,1431
GODRIVER,2017-10,0,0,0
GODRIVER,2017-11,0,0,0
GODRIVER,2017-12,0,0,0
GODRIVER,2018-01,0,0,0
GODRIVER,2018-02,0,64,5080
GODRIVER,2018-03,0,64,5080
GODRIVER,2018-04,0,64,5080
GODRIVER,2018-05,0,64,5080
GODRIVER,2018-06,1,64,5080
GODRIVER,2018-07,0,64,5080
GODRIVER,2018-08,0,64,5080
GODRIVER,2018-09,0,64,5080
GODRIVER,2018-10,0,68,6336
GODRIVER,2018-11,1,68,6336
GODRIVER,2018-12,1,68,6336
GODRIVER,2019-01,2,68,6336
GODRIVER,2019-02,0,68,6336
GODRIVER,2019-03,0,68,6336
GODRIVER,2019-04,2,68,6336
GODRIVER,2019-05,1,68,6336
GODRIVER,2019-06,0,74,7437
GODRIVER,2019-07,1,74,7437
GODRIVER,2019-08,0,76,7792
GODRIVER,2019-09,0,76,7792
GODRIVER,2019-10,1,76,8022
GODRIVER,2019-11,0,76,8022
GODRIVER,2019-12,1,76,8022
GODRIVER,2020-01,1,76,8022
GODRIVER,2020-02,0,98,10301
GODRIVER,2020-03,1,134,14025
GODRIVER,2020-04,1,134,14025
GODRIVER,2020-05,0,154,15669
GODRIVER,2020-06,0,158,15834
GODRIVER,2020-07,1,172,17247
GODRIVER,2020-08,1,172,17247
GODRIVER,2020-09,0,172,17247
GODRIVER,2020-10,0,172,17247
GODRIVER,2020-11,1,172,17247
GODRIVER,2020-12,0,172,17247
GODRIVER,2021-01,0,172,17247
GODRIVER,2021-02,0,174,18062
GODRIVER,2021-03,0,174,18062
GODRIVER,2021-04,0,174,18062
GODRIVER,2021-05,0,174,18062
GODRIVER,2021-06,0,202,30634
GODRIVER,2021-07,0,202,30677
GODRIVER,2021-08,0,202,30677
GODRIVER,2021-09,0,206,31837
GODRIVER,2021-10,0,206,31849
GODRIVER,2021-11,0,206,31849
GODRIVER,2021-12,0,206,31849
GODRIVER,2022-01,0,224,34296
GODRIVER,2022-02,0,224,34296
GODRIVER,2022-03,0,234,35825
GODRIVER,2022-04,0,236,36072
GODRIVER,2022-05,0,264,41384
GODRIVER,2022-06,0,266,41652
GODRIVER,2022-07,0,266,41652
GODRIVER,2022-08,0,266,41652
GODRIVER,2022-09,0,266,41652
GODRIVER,2022-10,0,278,42472
GODRIVER,2022-11,0,278,42472
GODRIVER,2022-12,1,278,42472
GODRIVER,2023-01,0,278,42472
GODRIVER,2023-02,0,278,42472
GODRIVER,2023-03,0,278,42472
GODRIVER,2023-04,0,278,42472
GODRIVER,2023-05,0,278,42472
GODRIVER,2023-06,0,278,42472
GODRIVER,2023-07,0,278,42491
GODRIVER,2023-08,0,278,42491
GODRIVER,2023-09,0,278,42491
GODRIVER,2023-10,0,278,42491
GODRIVER,2023-11,0,278,42491
GODRIVER,2023-12,0,278,42487
GODRIVER,2024-01,0,278,42487
GODRIVER,2024-02,0,278,42491
GODRIVER,2024-03,0,278,42487
GODRIVER,2024-04,0,278,42487
GODRIVER,2024-05,0,278,42491
GODRIVER,2024-06,0,278,42491
GODRIVER,2024-07,0,278,42495
GODRIVER,2024-08,0,278,42495
GODRIVER,2024-09,0,278,42495
GODRIVER,2024-10,0,278,42495
GODRIVER,2024-11,0,280,42696
GODRIVER,2024-12,0,288,44020
GODRIVER,2025-01,0,310,51160
GODRIVER,2025-02,0,314,51632
GODRIVER,2025-03,0,314,51632
GODRIVER,2025-04,0,314,51632
GODRIVER,2025-05,0,164,17144
GODRIVER,2025-06,0,164,17144
GODRIVER,2025-07,0,278,42495
GODRIVER,2025-08,0,190,18804
GODRIVER,2025-09,0,189,18682
GODRIVER,2025-10,0,278,42495
GODRIVER,2025-11,0,189,18682
GODRIVER,2025-12,0,189,18682
GODRIVER,2026-01,0,189,18682
GODRIVER,2026-02,0,189,18682
GODRIVER,2026-03,0,189,18682
JAVA,2009-04,0,0,0
JAVA,2009-05,0,0,0
JAVA,2009-06,0,0,0
JAVA,2009-07,0,0,0
JAVA,2009-08,0,0,0
JAVA,2009-09,0,0,0
JAVA,2009-10,0,0,0
JAVA,2009-11,0,0,0
JAVA,2009-12,0,0,0
JAVA,2010-01,0,0,0
JAVA,2010-02,0,0,0
JAVA,2010-03,0,0,0
JAVA,2010-04,0,0,0
JAVA,2010-05,0,0,0
JAVA,2010-06,0,0,0
JAVA,2010-07,0,0,0
JAVA,2010-08,1,0,0
JAVA,2010-09,0,0,0
JAVA,2010-10,0,0,0
JAVA,2010-11,0,0,0
JAVA,2010-12,0,0,0
JAVA,2011-01,0,0,0
JAVA,2011-02,0,0,0
JAVA,2011-03,0,0,0
JAVA,2011-04,0,0,0
JAVA,2011-05,0,0,0
JAVA,2011-06,0,0,0
JAVA,2011-07,0,0,0
JAVA,2011-08,0,0,0
JAVA,2011-09,0,0,0
JAVA,2011-10,0,0,0
JAVA,2011-11,0,0,0
JAVA,2011-12,0,0,0
JAVA,2012-01,0,0,0
JAVA,2012-02,0,0,0
JAVA,2012-03,0,0,0
JAVA,2012-04,0,0,0
JAVA,2012-05,0,0,0
JAVA,2012-06,0,0,0
JAVA,2012-07,0,0,0
JAVA,2012-08,0,0,0
JAVA,2012-09,0,0,0
JAVA,2012-10,0,0,0
JAVA,2012-11,0,0,0
JAVA,2012-12,0,0,0
JAVA,2013-01,0,0,0
JAVA,2013-02,0,0,0
JAVA,2013-03,0,0,0
JAVA,2013-04,0,0,0
JAVA,2013-05,0,0,0
JAVA,2013-06,0,0,0
JAVA,2013-07,0,0,0
JAVA,2013-08,0,0,0
JAVA,2013-09,0,0,0
JAVA,2013-10,0,0,0
JAVA,2013-11,0,0,0
JAVA,2013-12,0,0,0
JAVA,2014-01,0,0,0
JAVA,2014-02,0,0,0
JAVA,2014-03,1,0,0
JAVA,2014-04,2,0,0
JAVA,2014-05,0,0,0
JAVA,2014-06,1,0,0
JAVA,2014-07,0,0,0
JAVA,2014-08,0,0,0
JAVA,2014-09,0,0,0
JAVA,2014-10,0,0,0
JAVA,2014-11,1,0,0
JAVA,2014-12,0,0,0
JAVA,2015-01,0,0,0
JAVA,2015-02,0,0,0
JAVA,2015-03,0,14,2001
JAVA,2015-04,1,14,2001
JAVA,2015-05,1,14,2001
JAVA,2015-06,0,14,2001
JAVA,2015-07,0,14,2001
JAVA,2015-08,0,14,2001
JAVA,2015-09,0,14,2001
JAVA,2015-10,0,14,2001
JAVA,2015-11,0,14,2001
JAVA,2015-12,1,14,2001
JAVA,2016-01,0,14,2001
JAVA,2016-02,1,14,2001
JAVA,2016-03,0,14,2001
JAVA,2016-04,0,14,2001
JAVA,2016-05,0,14,2001
JAVA,2016-06,0,14,2001
JAVA,2016-07,0,14,2001
JAVA,2016-08,0,14,2001
JAVA,2016-09,0,14,2001
JAVA,2016-10,0,14,2001
JAVA,2016-11,0,29,2738
JAVA,2016-12,0,29,2738
JAVA,2017-01,0,29,2738
JAVA,2017-02,0,29,2738
JAVA,2017-03,0,33,3514
JAVA,2017-04,0,33,3514
JAVA,2017-05,0,33,3514
JAVA,2017-06,0,33,3514
JAVA,2017-07,0,33,3514
JAVA,2017-08,0,33,3514
JAVA,2017-09,0,33,3514
JAVA,2017-10,0,32,3611
JAVA,2017-11,0,32,3611
JAVA,2017-12,0,32,3662
JAVA,2018-01,0,32,3662
JAVA,2018-02,0,32,3662
JAVA,2018-03,0,32,3662
JAVA,2018-04,0,32,3662
JAVA,2018-05,0,32,3662
JAVA,2018-06,0,32,3732
JAVA,2018-07,0,32,3732
JAVA,2018-08,0,33,3780
JAVA,2018-09,0,33,3780
JAVA,2018-10,0,35,4894
JAVA,2018-11,0,35,4894
JAVA,2018-12,0,35,4894
JAVA,2019-01,0,36,5043
JAVA,2019-02,0,36,5043
JAVA,2019-03,0,36,5043
JAVA,2019-04,0,36,5043
JAVA,2019-05,0,36,5043
JAVA,2019-06,0,36,5043
JAVA,2019-07,0,40,6113
JAVA,2019-08,1,40,6113
JAVA,2019-09,0,40,6113
JAVA,2019-10,0,40,6282
JAVA,2019-11,0,40,6282
JAVA,2019-12,0,40,6282
JAVA,2020-01,0,40,6282
JAVA,2020-02,0,50,7884
JAVA,2020-03,0,50,7884
JAVA,2020-04,0,88,13152
JAVA,2020-05,0,77,11528
JAVA,2020-06,0,80,11707
JAVA,2020-07,0,86,12338
JAVA,2020-08,0,86,12338
JAVA,2020-09,0,86,12338
JAVA,2020-10,0,86,12338
JAVA,2020-11,0,86,12338
JAVA,2020-12,0,86,12338
JAVA,2021-01,0,86,12338
JAVA,2021-02,0,87,12900
JAVA,2021-03,0,87,12900
JAVA,2021-04,0,87,12900
JAVA,2021-05,0,89,15677
JAVA,2021-06,0,101,21114
JAVA,2021-07,0,101,21149
JAVA,2021-08,0,101,21149
JAVA,2021-09,0,101,21149
JAVA,2021-10,0,103,22055
JAVA,2021-11,0,103,22055
JAVA,2021-12,0,106,23912
JAVA,2022-01,1,106,23912
JAVA,2022-02,0,106,23912
JAVA,2022-03,0,132,30349
JAVA,2022-04,0,133,30627
JAVA,2022-05,0,135,30800
JAVA,2022-06,0,135,30800
JAVA,2022-07,0,136,30978
JAVA,2022-08,0,136,30978
JAVA,2022-09,0,136,30978
JAVA,2022-10,0,136,30978
JAVA,2022-11,0,142,31539
JAVA,2022-12,0,142,31539
JAVA,2023-01,0,142,31539
JAVA,2023-02,0,142,31539
JAVA,2023-03,0,142,31539
JAVA,2023-04,0,142,31539
JAVA,2023-05,0,142,31539
JAVA,2023-06,0,142,31539
JAVA,2023-07,0,142,31539
JAVA,2023-08,0,142,31539
JAVA,2023-09,0,142,31539
JAVA,2023-10,0,142,31539
JAVA,2023-11,0,142,31539
JAVA,2023-12,0,142,31539
JAVA,2024-01,0,142,31539
JAVA,2024-02,0,142,31539
JAVA,2024-03,0,139,32864
JAVA,2024-04,0,139,32864
JAVA,2024-05,0,139,32864
JAVA,2024-06,0,139,32864
JAVA,2024-07,0,139,32864
JAVA,2024-08,1,139,32864
JAVA,2024-09,0,139,32864
JAVA,2024-10,0,143,33710
JAVA,2024-11,0,143,33710
JAVA,2024-12,0,144,33849
JAVA,2025-01,0,155,38817
JAVA,2025-02,0,157,39147
JAVA,2025-03,0,157,39209
JAVA,2025-04,0,164,17144
JAVA,2025-05,0,164,17144
JAVA,2025-06,0,164,17144
JAVA,2025-07,0,189,18682
JAVA,2025-08,0,190,18804
JAVA,2025-09,0,189,18682
JAVA,2025-10,0,189,18682
JAVA,2025-11,0,189,18682
JAVA,2025-12,0,189,18682
JAVA,2026-01,0,189,18682
JAVA,2026-02,0,189,18682
JAVA,2026-03,0,189,18682
JAVA,2026-04,0,189,18682
NODE,2012-10,0,0,0
NODE,2012-11,0,0,0
NODE,2012-12,0,0,0
NODE,2013-01,0,0,0
NODE,2013-02,0,0,0
NODE,2013-03,0,0,0
NODE,2013-04,0,0,0
NODE,2013-05,0,0,0
NODE,2013-06,0,0,0
NODE,2013-07,0,0,0
NODE,2013-08,0,0,0
NODE,2013-09,0,0,0
NODE,2013-10,0,0,0
NODE,2013-11,0,0,0
NODE,2013-12,1,0,0
NODE,2014-01,0,0,0
NODE,2014-02,0,0,0
NODE,2014-03,0,0,0
NODE,2014-04,0,0,0
NODE,2014-05,0,0,0
NODE,2014-06,0,0,0
NODE,2014-07,0,0,0
NODE,2014-08,0,0,0
NODE,2014-09,0,0,0
NODE,2014-10,0,0,0
NODE,2014-11,0,0,0
NODE,2014-12,0,0,0
NODE,2015-01,0,0,0
NODE,2015-02,0,0,0
NODE,2015-03,0,0,0
NODE,2015-04,0,0,0
NODE,2015-05,0,0,0
NODE,2015-06,0,0,0
NODE,2015-07,0,0,0
NODE,2015-08,0,0,0
NODE,2015-09,0,0,0
NODE,2015-10,0,0,0
NODE,2015-11,0,0,0
NODE,2015-12,1,0,0
NODE,2016-01,0,0,0
NODE,2016-02,0,0,0
NODE,2016-03,0,0,0
NODE,2016-04,0,0,0
NODE,2016-05,0,0,0
NODE,2016-06,0,0,0
NODE,2016-07,0,0,0
NODE,2016-08,1,0,0
NODE,2016-09,0,0,0
NODE,2016-10,0,0,0
NODE,2016-11,0,58,3876
NODE,2016-12,1,58,3876
NODE,2017-01,0,58,3876
NODE,2017-02,0,0,0
NODE,2017-03,2,58,3876
NODE,2017-04,0,0,0
NODE,2017-05,0,58,3876
NODE,2017-06,1,0,0
NODE,2017-07,0,0,0
NODE,2017-08,1,58,3876
NODE,2017-09,0,0,0
NODE,2017-10,1,70,5841
NODE,2017-11,0,70,5841
NODE,2017-12,0,64,5080
NODE,2018-01,0,0,0
NODE,2018-02,0,64,5080
NODE,2018-03,0,64,5080
NODE,2018-04,1,0,0
NODE,2018-05,0,0,0
NODE,2018-06,0,64,5193
NODE,2018-07,1,64,5193
NODE,2018-08,0,64,5193
NODE,2018-09,0,0,0
NODE,2018-10,0,0,0
NODE,2018-11,0,64,5193
NODE,2018-12,0,0,0
NODE,2019-01,1,0,0
NODE,2019-02,0,66,5400
NODE,2019-03,0,66,5400
NODE,2019-04,0,0,0
NODE,2019-05,2,66,5400
NODE,2019-06,0,66,5400
NODE,2019-07,0,66,5400
NODE,2019-08,0,82,8700
NODE,2019-09,0,82,8700
NODE,2019-10,0,90,9697
NODE,2019-11,1,90,9697
NODE,2019-12,1,90,9697
NODE,2020-01,0,90,9697
NODE,2020-02,0,102,10861
NODE,2020-03,0,102,10861
NODE,2020-04,0,178,18561
NODE,2020-05,2,158,16517
NODE,2020-06,1,162,16682
NODE,2020-07,0,172,17467
NODE,2020-08,0,172,17467
NODE,2020-09,0,172,17467
NODE,2020-10,0,172,17467
NODE,2020-11,2,172,17467
NODE,2020-12,1,172,17467
NODE,2021-01,1,172,17467
NODE,2021-02,0,172,17467
NODE,2021-03,1,172,17467
NODE,2021-04,1,174,18062
NODE,2021-05,0,174,18062
NODE,2021-06,0,200,25707
NODE,2021-07,1,202,30677
NODE,2021-08,1,202,30677
NODE,2021-09,0,202,30677
NODE,2021-10,0,202,30677
NODE,2021-11,0,206,31849
NODE,2021-12,0,206,31849
NODE,2022-01,0,206,31849
NODE,2022-02,1,224,34296
NODE,2022-03,0,234,35825
NODE,2022-04,0,258,40925
NODE,2022-05,0,260,40861
NODE,2022-06,0,262,41110
NODE,2022-07,0,262,41110
NODE,2022-08,0,264,41386
NODE,2022-09,0,264,41386
NODE,2022-10,0,264,41386
NODE,2022-11,0,264,41386
NODE,2022-12,0,264,41386
NODE,2023-01,0,264,41386
NODE,2023-02,0,264,41386
NODE,2023-03,0,264,41386
NODE,2023-04,0,264,41386
NODE,2023-05,0,264,41386
NODE,2023-06,0,264,41386
NODE,2023-07,1,264,41386
NODE,2023-08,0,264,41386
NODE,2023-09,0,264,41386
NODE,2023-10,0,264,41386
NODE,2023-11,0,264,41386
NODE,2023-12,0,264,41386
NODE,2024-01,0,264,41386
NODE,2024-02,0,264,41386
NODE,2024-03,0,276,42206
NODE,2024-04,0,276,42206
NODE,2024-05,0,276,42206
NODE,2024-06,0,276,42206
NODE,2024-07,0,298,53110
NODE,2024-08,0,298,53110
NODE,2024-09,0,298,53128
NODE,2024-10,0,298,53070
NODE,2024-11,0,298,53070
NODE,2024-12,0,298,53070
NODE,2025-01,0,298,53070
NODE,2025-02,0,298,53070
NODE,2025-03,0,300,53275
NODE,2025-04,0,312,55071
NODE,2025-05,0,312,55071
NODE,2025-06,0,312,55071
NODE,2025-07,0,312,55071
NODE,2025-08,0,314,55389
NODE,2025-09,0,380,63059
NODE,2025-10,0,380,63059
NODE,2025-11,0,380,63059
NODE,2025-12,0,380,63059
NODE,2026-01,0,380,63059
NODE,2026-02,0,380,63059
NODE,2026-03,0,380,63059
PERL,2009-07,0,0,0
PERL,2009-08,0,0,0
PERL,2009-09,0,0,0
PERL,2009-10,0,0,0
PERL,2009-11,0,0,0
PERL,2009-12,0,0,0
PERL,2010-01,0,0,0
PERL,2010-02,0,0,0
PERL,2010-03,0,0,0
PERL,2010-04,0,0,0
PERL,2010-05,0,0,0
PERL,2010-06,0,0,0
PERL,2010-07,0,0,0
PERL,2010-08,0,0,0
PERL,2010-09,0,0,0
PERL,2010-10,0,0,0
PERL,2010-11,0,0,0
PERL,2010-12,0,0,0
PERL,2011-01,0,0,0
PERL,2011-02,0,0,0
PERL,2011-03,0,0,0
PERL,2011-04,0,0,0
PERL,2011-05,0,0,0
PERL,2011-06,0,0,0
PERL,2011-07,0,0,0
PERL,2011-08,0,0,0
PERL,2011-09,0,0,0
PERL,2011-10,0,0,0
PERL,2011-11,0,0,0
PERL,2011-12,0,0,0
PERL,2012-01,0,0,0
PERL,2012-02,0,0,0
PERL,2012-03,0,0,0
PERL,2012-04,0,0,0
PERL,2012-05,0,0,0
PERL,2012-06,0,0,0
PERL,2012-07,0,0,0
PERL,2012-08,0,0,0
PERL,2012-09,0,0,0
PERL,2012-10,0,0,0
PERL,2012-11,0,0,0
PERL,2012-12,0,0,0
PERL,2013-01,0,0,0
PERL,2013-02,0,0,0
PERL,2013-03,0,0,0
PERL,2013-04,0,0,0
PERL,2013-05,0,0,0
PERL,2013-06,0,0,0
PERL,2013-07,0,0,0
PERL,2013-08,0,0,0
PERL,2013-09,0,0,0
PERL,2013-10,0,0,0
PERL,2013-11,0,0,0
PERL,2013-12,0,0,0
PERL,2014-01,0,0,0
PERL,2014-02,0,0,0
PERL,2014-03,1,0,0
PERL,2014-04,0,0,0
PERL,2014-05,0,0,0
PERL,2014-06,1,0,0
PERL,2014-07,0,0,0
PERL,2014-08,1,0,0
PERL,2014-09,0,0,0
PERL,2014-10,0,0,0
PERL,2014-11,0,0,0
PERL,2014-12,1,0,0
PERL,2015-01,1,0,0
PERL,2015-02,0,0,0
PERL,2015-03,0,28,2835
PERL,2015-04,0,28,2835
PERL,2015-05,0,28,2835
PERL,2015-06,1,28,2835
PERL,2015-07,0,28,2835
PERL,2015-08,0,28,2835
PERL,2015-09,0,28,2835
PERL,2015-10,0,28,2835
PERL,2015-11,0,28,2835
PERL,2015-12,0,28,2835
PERL,2016-01,0,28,2835
PERL,2016-02,0,28,2835
PERL,2016-03,1,28,2835
PERL,2016-04,0,28,2835
PERL,2016-05,0,28,2835
PERL,2016-06,0,28,2835
PERL,2016-07,1,28,2835
PERL,2016-08,0,28,2835
PERL,2016-09,0,28,2835
PERL,2016-10,0,28,2835
PERL,2016-11,0,58,3875
PERL,2016-12,0,58,3875
PERL,2017-01,0,58,3875
PERL,2017-02,0,58,3875
PERL,2017-03,0,58,3875
PERL,2017-04,0,58,3875
PERL,2017-05,0,66,4987
PERL,2017-06,0,66,4987
PERL,2017-07,0,66,4987
PERL,2017-08,0,66,4987
PERL,2017-09,0,66,4987
PERL,2017-10,0,66,4987
PERL,2017-11,0,66,4987
PERL,2017-12,0,66,4987
PERL,2018-01,0,74,6210
PERL,2018-02,0,74,6210
PERL,2018-03,0,74,6210
PERL,2018-04,0,74,6210
PERL,2018-05,0,74,6210
PERL,2018-06,0,74,6321
PERL,2018-07,0,74,6321
PERL,2018-08,0,74,6321
PERL,2018-09,1,74,6321
PERL,2018-10,0,74,6321
PERL,2018-11,0,74,6321
PERL,2018-12,0,76,6532
PERL,2019-01,0,76,6522
PERL,2019-02,0,152,13097
PERL,2019-03,0,154,13513
PERL,2019-04,0,154,13513
PERL,2019-05,0,154,13513
PERL,2019-06,0,154,13513
PERL,2019-07,1,156,13839
PERL,2019-08,0,158,14348
PERL,2019-09,1,158,14348
PERL,2019-10,0,158,14348
PERL,2019-11,0,80,8528
PERL,2019-12,0,80,8528
PERL,2020-01,0,80,8528
PERL,2020-02,0,80,8528
PERL,2020-03,0,80,8528
PHPLIB,2014-12,0,0,0
PHPLIB,2015-01,0,0,0
PHPLIB,2015-02,0,0,0
PHPLIB,2015-03,0,0,0
PHPLIB,2015-04,4,0,0
PHPLIB,2015-05,2,0,0
PHPLIB,2015-06,0,0,0
PHPLIB,2015-07,0,0,0
PHPLIB,2015-08,0,0,0
PHPLIB,2015-09,0,0,0
PHPLIB,2015-10,0,0,0
PHPLIB,2015-11,0,0,0
PHPLIB,2015-12,1,0,0
PHPLIB,2016-01,0,0,0
PHPLIB,2016-02,2,0,0
PHPLIB,2016-03,0,0,0
PHPLIB,2016-04,0,0,0
PHPLIB,2016-05,0,0,0
PHPLIB,2016-06,0,0,0
PHPLIB,2016-07,0,0,0
PHPLIB,2016-08,0,0,0
PHPLIB,2016-09,0,0,0
PHPLIB,2016-10,0,0,0
PHPLIB,2016-11,0,0,0
PHPLIB,2016-12,0,0,0
PHPLIB,2017-01,0,0,0
PHPLIB,2017-02,0,0,0
PHPLIB,2017-03,0,0,0
PHPLIB,2017-04,0,0,0
PHPLIB,2017-05,0,0,0
PHPLIB,2017-06,0,0,0
PHPLIB,2017-07,0,0,0
PHPLIB,2017-08,0,0,0
PHPLIB,2017-09,2,0,0
PHPLIB,2017-10,0,0,0
PHPLIB,2017-11,0,0,0
PHPLIB,2017-12,0,0,0
PHPLIB,2018-01,0,0,0
PHPLIB,2018-02,1,0,0
PHPLIB,2018-03,0,0,0
PHPLIB,2018-04,0,0,0
PHPLIB,2018-05,0,0,0
PHPLIB,2018-06,0,0,0
PHPLIB,2018-07,0,0,0
PHPLIB,2018-08,0,0,0
PHPLIB,2018-09,0,0,0
PHPLIB,2018-10,0,0,0
PHPLIB,2018-11,1,0,0
PHPLIB,2018-12,0,0,0
PHPLIB,2019-01,0,0,0
PHPLIB,2019-02,0,0,0
PHPLIB,2019-03,0,0,0
PHPLIB,2019-04,0,0,0
PHPLIB,2019-05,0,0,0
PHPLIB,2019-06,0,0,0
PHPLIB,2019-07,0,5,1280
PHPLIB,2019-08,0,5,1284
PHPLIB,2019-09,0,5,1284
PHPLIB,2019-10,0,5,1449
PHPLIB,2019-11,0,5,1449
PHPLIB,2019-12,0,5,1449
PHPLIB,2020-01,0,10,2245
PHPLIB,2020-02,0,16,2947
PHPLIB,2020-03,0,16,3129
PHPLIB,2020-04,0,54,8397
PHPLIB,2020-05,0,57,8608
PHPLIB,2020-06,0,10,2245
PHPLIB,2020-07,0,61,8896
PHPLIB,2020-08,0,61,8896
PHPLIB,2020-09,0,61,8896
PHPLIB,2020-10,0,61,8896
PHPLIB,2020-11,0,61,8896
PHPLIB,2020-12,0,61,8896
PHPLIB,2021-01,0,61,8896
PHPLIB,2021-02,0,5,1449
PHPLIB,2021-03,1,61,8896
PHPLIB,2021-04,0,43,9026
PHPLIB,2021-05,1,54,10816
PHPLIB,2021-06,0,66,16259
PHPLIB,2021-07,0,66,16271
PHPLIB,2021-08,1,69,18128
PHPLIB,2021-09,1,69,18130
PHPLIB,2021-10,0,71,19036
PHPLIB,2021-11,0,71,19036
PHPLIB,2021-12,0,71,19036
PHPLIB,2022-01,0,71,19036
PHPLIB,2022-02,0,71,19036
PHPLIB,2022-03,0,71,19036
PHPLIB,2022-04,0,98,25717
PHPLIB,2022-05,0,100,25898
PHPLIB,2022-06,0,101,26076
PHPLIB,2022-07,0,101,26076
PHPLIB,2022-08,0,101,26076
PHPLIB,2022-09,0,101,26076
PHPLIB,2022-10,0,107,26645
PHPLIB,2022-11,0,107,26645
PHPLIB,2022-12,0,107,26645
PHPLIB,2023-01,0,107,26645
PHPLIB,2023-02,0,107,26645
PHPLIB,2023-03,0,107,26645
PHPLIB,2023-04,0,107,26645
PHPLIB,2023-05,1,107,26645
PHPLIB,2023-06,0,107,26645
PHPLIB,2023-07,0,107,26645
PHPLIB,2023-08,0,107,26645
PHPLIB,2023-09,0,107,26645
PHPLIB,2023-10,0,0,0
PHPLIB,2023-11,0,107,26645
PHPLIB,2023-12,0,0,0
PHPLIB,2024-01,0,0,0
PHPLIB,2024-02,0,107,26645
PHPLIB,2024-03,0,139,32838
PHPLIB,2024-04,0,139,32838
PHPLIB,2024-05,0,139,32838
PHPLIB,2024-06,0,139,32838
PHPLIB,2024-07,0,139,32838
PHPLIB,2024-08,0,139,32838
PHPLIB,2024-09,0,139,32838
PHPLIB,2024-10,0,156,16682
PHPLIB,2024-11,0,164,17144
PHPLIB,2024-12,0,164,17144
PHPLIB,2025-01,0,164,17144
PHPLIB,2025-02,0,164,17144
PHPLIB,2025-03,0,164,17144
PHPLIB,2025-04,0,164,17144
PHPLIB,2025-05,0,164,17144
PHPLIB,2025-06,0,164,17144
PHPLIB,2025-07,0,189,18682
PHPLIB,2025-08,0,190,18804
PHPLIB,2025-09,0,189,18682
PHPLIB,2025-10,0,189,18682
PHPLIB,2025-11,0,189,18682
PHPLIB,2025-12,0,189,18682
PHPLIB,2026-01,0,189,18682
PHPLIB,2026-02,0,189,18682
PYTHON,2009-04,0,0,0
PYTHON,2009-05,0,0,0
PYTHON,2009-06,0,0,0
PYTHON,2009-07,0,0,0
PYTHON,2009-08,0,0,0
PYTHON,2009-09,0,0,0
PYTHON,2009-10,0,0,0
PYTHON,2009-11,0,0,0
PYTHON,2009-12,0,0,0
PYTHON,2010-01,0,0,0
PYTHON,2010-02,0,0,0
PYTHON,2010-03,0,0,0
PYTHON,2010-04,0,0,0
PYTHON,2010-05,0,0,0
PYTHON,2010-06,0,0,0
PYTHON,2010-07,0,0,0
PYTHON,2010-08,0,0,0
PYTHON,2010-09,0,0,0
PYTHON,2010-10,0,0,0
PYTHON,2010-11,0,0,0
PYTHON,2010-12,0,0,0
PYTHON,2011-01,0,0,0
PYTHON,2011-02,0,0,0
PYTHON,2011-03,0,0,0
PYTHON,2011-04,0,0,0
PYTHON,2011-05,0,0,0
PYTHON,2011-06,1,0,0
PYTHON,2011-07,0,0,0
PYTHON,2011-08,0,0,0
PYTHON,2011-09,0,0,0
PYTHON,2011-10,0,0,0
PYTHON,2011-11,0,0,0
PYTHON,2011-12,0,0,0
PYTHON,2012-01,0,0,0
PYTHON,2012-02,0,0,0
PYTHON,2012-03,0,0,0
PYTHON,2012-04,0,0,0
PYTHON,2012-05,0,0,0
PYTHON,2012-06,0,0,0
PYTHON,2012-07,0,0,0
PYTHON,2012-08,0,0,0
PYTHON,2012-09,0,0,0
PYTHON,2012-10,0,0,0
PYTHON,2012-11,0,0,0
PYTHON,2012-12,0,0,0
PYTHON,2013-01,0,0,0
PYTHON,2013-02,0,0,0
PYTHON,2013-03,0,0,0
PYTHON,2013-04,0,0,0
PYTHON,2013-05,0,0,0
PYTHON,2013-06,0,0,0
PYTHON,2013-07,0,0,0
PYTHON,2013-08,0,0,0
PYTHON,2013-09,0,0,0
PYTHON,2013-10,0,0,0
PYTHON,2013-11,0,0,0
PYTHON,2013-12,0,0,0
PYTHON,2014-01,0,0,0
PYTHON,2014-02,0,0,0
PYTHON,2014-03,1,0,0
PYTHON,2014-04,0,0,0
PYTHON,2014-05,0,0,0
PYTHON,2014-06,0,0,0
PYTHON,2014-07,0,0,0
PYTHON,2014-08,0,0,0
PYTHON,2014-09,0,0,0
PYTHON,2014-10,0,0,0
PYTHON,2014-11,0,0,0
PYTHON,2014-12,0,0,0
PYTHON,2015-01,0,0,0
PYTHON,2015-02,0,0,0
PYTHON,2015-03,0,14,2001
PYTHON,2015-04,0,14,2001
PYTHON,2015-05,0,14,2001
PYTHON,2015-06,0,14,2001
PYTHON,2015-07,0,14,2001
PYTHON,2015-08,0,14,2001
PYTHON,2015-09,0,14,2001
PYTHON,2015-10,0,14,2001
PYTHON,2015-11,0,14,2001
PYTHON,2015-12,0,14,2001
PYTHON,2016-01,0,14,2001
PYTHON,2016-02,0,14,2001
PYTHON,2016-03,0,14,2001
PYTHON,2016-04,0,14,2001
PYTHON,2016-05,0,14,2001
PYTHON,2016-06,0,14,2001
PYTHON,2016-07,0,14,2001
PYTHON,2016-08,0,14,2001
PYTHON,2016-09,0,14,2001
PYTHON,2016-10,0,14,2001
PYTHON,2016-11,0,29,2738
PYTHON,2016-12,0,29,2738
PYTHON,2017-01,0,29,2738
PYTHON,2017-02,0,29,2738
PYTHON,2017-03,0,33,3512
PYTHON,2017-04,0,33,3512
PYTHON,2017-05,0,33,3512
PYTHON,2017-06,0,33,3512
PYTHON,2017-07,0,33,3512
PYTHON,2017-08,0,36,4287
PYTHON,2017-09,0,36,4297
PYTHON,2017-10,0,36,4297
PYTHON,2017-11,0,32,3615
PYTHON,2017-12,1,32,3615
PYTHON,2018-01,0,32,3615
PYTHON,2018-02,0,32,3662
PYTHON,2018-03,0,32,3662
PYTHON,2018-04,1,32,3662
PYTHON,2018-05,0,32,3662
PYTHON,2018-06,0,32,3732
PYTHON,2018-07,0,32,3732
PYTHON,2018-08,0,32,3732
PYTHON,2018-09,0,32,3732
PYTHON,2018-10,1,32,3732
PYTHON,2018-11,0,32,3732
PYTHON,2018-12,0,32,3732
PYTHON,2019-01,0,32,3732
PYTHON,2019-02,0,37,5415
PYTHON,2019-03,1,37,5415
PYTHON,2019-04,0,37,5415
PYTHON,2019-05,0,37,5415
PYTHON,2019-06,0,40,6142
PYTHON,2019-07,0,40,6166
PYTHON,2019-08,0,40,6166
PYTHON,2019-09,0,40,6166
PYTHON,2019-10,0,40,6166
PYTHON,2019-11,0,40,6166
PYTHON,2019-12,0,40,6166
PYTHON,2020-01,0,40,6166
PYTHON,2020-02,0,47,7342
PYTHON,2020-03,0,69,10665
PYTHON,2020-04,0,79,11859
PYTHON,2020-05,0,79,11859
PYTHON,2020-06,0,81,11960
PYTHON,2020-07,0,81,11960
PYTHON,2020-08,0,81,11960
PYTHON,2020-09,0,81,11960
PYTHON,2020-10,0,81,11960
PYTHON,2020-11,0,81,11960
PYTHON,2020-12,0,81,11960
PYTHON,2021-01,0,81,11960
PYTHON,2021-02,0,81,11960
PYTHON,2021-03,0,81,11960
PYTHON,2021-04,0,87,12900
PYTHON,2021-05,0,89,15692
PYTHON,2021-06,0,101,21121
PYTHON,2021-07,0,101,21149
PYTHON,2021-08,0,101,21149
PYTHON,2021-09,0,101,21154
PYTHON,2021-10,0,101,21149
PYTHON,2021-11,0,109,22638
PYTHON,2021-12,0,111,23544
PYTHON,2022-01,0,115,25608
PYTHON,2022-02,0,132,30101
PYTHON,2022-03,0,132,30327
PYTHON,2022-04,0,132,30327
PYTHON,2022-05,0,135,30774
PYTHON,2022-06,0,136,30952
PYTHON,2022-07,0,136,30952
PYTHON,2022-08,0,136,30952
PYTHON,2022-09,0,136,30952
PYTHON,2022-10,0,136,30952
PYTHON,2022-11,0,136,30952
PYTHON,2022-12,0,142,31521
PYTHON,2023-01,0,142,31521
PYTHON,2023-02,0,142,31521
PYTHON,2023-03,0,142,31521
PYTHON,2023-04,0,142,31521
PYTHON,2023-05,0,142,31521
PYTHON,2023-06,0,142,31521
PYTHON,2023-07,0,142,31521
PYTHON,2023-08,0,142,31521
PYTHON,2023-09,0,142,31521
PYTHON,2023-10,0,142,31521
PYTHON,2023-11,0,142,31521
PYTHON,2023-12,0,142,31521
PYTHON,2024-01,0,142,31521
PYTHON,2024-02,0,142,31521
PYTHON,2024-03,0,142,31521
PYTHON,2024-04,0,142,31521
PYTHON,2024-05,0,142,31521
PYTHON,2024-06,0,142,31521
PYTHON,2024-07,0,139,32838
PYTHON,2024-08,0,149,37208
PYTHON,2024-09,0,149,37208
PYTHON,2024-10,0,156,38980
PYTHON,2024-11,0,159,39594
PYTHON,2024-12,0,159,39594
PYTHON,2025-01,0,159,39594
PYTHON,2025-02,0,159,39594
PYTHON,2025-03,0,164,40319
PYTHON,2025-04,0,164,40319
PYTHON,2025-05,0,164,40319
PYTHON,2025-06,0,164,40319
PYTHON,2025-07,0,164,40319
PYTHON,2025-08,0,164,40319
PYTHON,2025-09,0,164,40319
PYTHON,2025-10,0,164,40319
PYTHON,2025-11,0,164,40319
PYTHON,2025-12,0,164,40319
PYTHON,2026-01,0,164,40319
PYTHON,2026-02,0,164,40319
PYTHON,2026-03,0,164,40319
RUBY,2009-04,0,0,0
RUBY,2009-05,0,0,0
RUBY,2009-06,0,0,0
RUBY,2009-07,0,0,0
RUBY,2009-08,0,0,0
RUBY,2009-09,0,0,0
RUBY,2009-10,0,0,0
RUBY,2009-11,0,0,0
RUBY,2009-12,0,0,0
RUBY,2010-01,0,0,0
RUBY,2010-02,0,0,0
RUBY,2010-03,0,0,0
RUBY,2010-04,0,0,0
RUBY,2010-05,0,0,0
RUBY,2010-06,0,0,0
RUBY,2010-07,0,0,0
RUBY,2010-08,0,0,0
RUBY,2010-09,0,0,0
RUBY,2010-10,0,0,0
RUBY,2010-11,0,0,0
RUBY,2010-12,0,0,0
RUBY,2011-01,0,0,0
RUBY,2011-02,0,0,0
RUBY,2011-03,0,0,0
RUBY,2011-04,0,0,0
RUBY,2011-05,0,0,0
RUBY,2011-06,0,0,0
RUBY,2011-07,0,0,0
RUBY,2011-08,0,0,0
RUBY,2011-09,0,0,0
RUBY,2011-10,0,0,0
RUBY,2011-11,0,0,0
RUBY,2011-12,0,0,0
RUBY,2012-01,0,0,0
RUBY,2012-02,0,0,0
RUBY,2012-03,0,0,0
RUBY,2012-04,0,0,0
RUBY,2012-05,0,0,0
RUBY,2012-06,0,0,0
RUBY,2012-07,0,0,0
RUBY,2012-08,0,0,0
RUBY,2012-09,0,0,0
RUBY,2012-10,0,0,0
RUBY,2012-11,0,0,0
RUBY,2012-12,0,0,0
RUBY,2013-01,0,0,0
RUBY,2013-02,0,0,0
RUBY,2013-03,0,0,0
RUBY,2013-04,0,0,0
RUBY,2013-05,0,0,0
RUBY,2013-06,0,0,0
RUBY,2013-07,0,0,0
RUBY,2013-08,1,0,0
RUBY,2013-09,0,0,0
RUBY,2013-10,0,0,0
RUBY,2013-11,0,0,0
RUBY,2013-12,0,0,0
RUBY,2014-01,0,0,0
RUBY,2014-02,1,0,0
RUBY,2014-03,2,0,0
RUBY,2014-04,0,0,0
RUBY,2014-05,0,0,0
RUBY,2014-06,0,0,0
RUBY,2014-07,0,0,0
RUBY,2014-08,0,0,0
RUBY,2014-09,0,0,0
RUBY,2014-10,0,0,0
RUBY,2014-11,0,0,0
RUBY,2014-12,0,0,0
RUBY,2015-01,0,0,0
RUBY,2015-02,0,0,0
RUBY,2015-03,0,0,0
RUBY,2015-04,0,0,0
RUBY,2015-05,3,0,0
RUBY,2015-06,0,0,0
RUBY,2015-07,2,0,0
RUBY,2015-08,0,0,0
RUBY,2015-09,0,0,0
RUBY,2015-10,1,0,0
RUBY,2015-11,0,0,0
RUBY,2015-12,0,0,0
RUBY,2016-01,1,0,0
RUBY,2016-02,1,0,0
RUBY,2016-03,0,0,0
RUBY,2016-04,0,0,0
RUBY,2016-05,0,0,0
RUBY,2016-06,0,0,0
RUBY,2016-07,0,0,0
RUBY,2016-08,0,0,0
RUBY,2016-09,0,0,0
RUBY,2016-10,0,0,0
RUBY,2016-11,0,0,0
RUBY,2016-12,0,0,0
RUBY,2017-01,0,0,0
RUBY,2017-02,0,0,0
RUBY,2017-03,0,0,0
RUBY,2017-04,0,0,0
RUBY,2017-05,0,0,0
RUBY,2017-06,0,0,0
RUBY,2017-07,0,0,0
RUBY,2017-08,0,0,0
RUBY,2017-09,0,0,0
RUBY,2017-10,0,0,0
RUBY,2017-11,0,0,0
RUBY,2017-12,0,0,0
RUBY,2018-01,0,0,0
RUBY,2018-02,0,0,0
RUBY,2018-03,0,0,0
RUBY,2018-04,1,0,0
RUBY,2018-05,0,0,0
RUBY,2018-06,0,0,0
RUBY,2018-07,0,0,0
RUBY,2018-08,0,37,1803
RUBY,2018-09,0,37,1803
RUBY,2018-10,0,37,1803
RUBY,2018-11,0,37,1803
RUBY,2018-12,0,37,1803
RUBY,2019-01,0,37,1799
RUBY,2019-02,0,37,1799
RUBY,2019-03,0,37,1799
RUBY,2019-04,1,37,1799
RUBY,2019-05,0,37,1799
RUBY,2019-06,0,37,1799
RUBY,2019-07,1,45,2732
RUBY,2019-08,0,45,2732
RUBY,2019-09,0,45,2732
RUBY,2019-10,0,45,2732
RUBY,2019-11,0,45,2732
RUBY,2019-12,1,45,2732
RUBY,2020-01,0,45,2732
RUBY,2020-02,0,45,2732
RUBY,2020-03,0,45,2819
RUBY,2020-04,0,83,4972
RUBY,2020-05,0,86,5084
RUBY,2020-06,0,86,5084
RUBY,2020-07,0,86,5084
RUBY,2020-08,1,86,5084
RUBY,2020-09,0,86,5084
RUBY,2020-10,0,86,5084
RUBY,2020-11,1,86,5084
RUBY,2020-12,0,86,5084
RUBY,2021-01,0,86,5084
RUBY,2021-02,0,86,5084
RUBY,2021-03,1,87,5337
RUBY,2021-04,0,87,5337
RUBY,2021-05,0,88,5611
RUBY,2021-06,1,88,5612
RUBY,2021-07,0,88,5613
RUBY,2021-08,0,88,5627
RUBY,2021-09,0,88,5627
RUBY,2021-10,0,91,6042
RUBY,2021-11,1,99,6698
RUBY,2021-12,0,99,6698
RUBY,2022-01,0,100,6787
RUBY,2022-02,0,118,8579
RUBY,2022-03,0,118,8659
RUBY,2022-04,1,125,11392
RUBY,2022-05,0,140,13035
RUBY,2022-06,0,141,13125
RUBY,2022-07,1,141,13125
RUBY,2022-08,0,141,13125
RUBY,2022-09,0,141,13125
RUBY,2022-10,0,141,13125
RUBY,2022-11,0,147,13426
RUBY,2022-12,0,147,13426
RUBY,2023-01,0,147,13426
RUBY,2023-02,0,147,13426
RUBY,2023-03,0,147,13426
RUBY,2023-04,0,147,13426
RUBY,2023-05,0,147,13426
RUBY,2023-06,0,147,13426
RUBY,2023-07,0,147,13426
RUBY,2023-08,0,147,13426
RUBY,2023-09,0,147,13426
RUBY,2023-10,0,148,13753
RUBY,2023-11,0,148,13753
RUBY,2023-12,0,148,13753
RUBY,2024-01,0,148,13753
RUBY,2024-02,0,148,13753
RUBY,2024-03,0,148,13753
RUBY,2024-04,0,148,13753
RUBY,2024-05,0,148,13753
RUBY,2024-06,0,148,13755
RUBY,2024-07,0,148,13755
RUBY,2024-08,0,148,13782
RUBY,2024-09,0,148,13784
RUBY,2024-10,0,148,13784
RUBY,2024-11,0,148,13784
RUBY,2024-12,0,148,13784
RUBY,2025-01,0,148,13784
RUBY,2025-02,0,148,13784
RUBY,2025-03,0,148,13784
RUBY,2025-04,0,148,13784
RUBY,2025-05,0,148,13784
RUBY,2025-06,0,148,13784
RUBY,2025-07,0,148,13784
RUBY,2025-08,0,148,13784
RUBY,2025-09,0,152,14142
RUBY,2025-10,0,152,14142
RUBY,2025-11,0,152,14142
RUBY,2025-12,0,152,14142
RUBY,2026-01,0,152,14142
RUBY,2026-02,0,152,14142
RUBY,2026-03,0,152,14112
RUST,2019-05,0,0,0
RUST,2019-06,1,0,0
RUST,2019-07,0,0,0
RUST,2019-08,0,0,0
RUST,2019-09,0,0,0
RUST,2019-10,0,0,0
RUST,2019-11,2,88,9755
RUST,2019-12,0,88,9755
RUST,2020-01,2,88,9755
RUST,2020-02,0,88,9755
RUST,2020-03,0,88,9755
RUST,2020-04,0,88,9755
RUST,2020-05,0,88,9755
RUST,2020-06,0,88,9755
RUST,2020-07,0,88,9755
RUST,2020-08,0,88,9755
RUST,2020-09,0,88,9755
RUST,2020-10,1,88,9755
RUST,2020-11,0,88,9755
RUST,2020-12,0,88,9755
RUST,2021-01,0,88,9755
RUST,2021-02,0,88,9755
RUST,2021-03,3,174,18062
RUST,2021-04,1,174,18062
RUST,2021-05,0,174,18062
RUST,2021-06,0,174,18062
RUST,2021-07,0,202,30677
RUST,2021-08,0,202,30677
RUST,2021-09,0,202,30677
RUST,2021-10,0,202,30677
RUST,2021-11,0,202,30677
RUST,2021-12,0,202,30677
RUST,2022-01,0,202,30677
RUST,2022-02,0,202,30677
RUST,2022-03,0,202,30677
RUST,2022-04,0,204,30501
RUST,2022-05,0,206,30862
RUST,2022-06,0,270,43526
RUST,2022-07,0,270,43526
RUST,2022-08,0,270,43526
RUST,2022-09,0,270,43526
RUST,2022-10,0,270,43526
RUST,2022-11,0,270,43526
RUST,2022-12,0,270,43526
RUST,2023-01,0,270,43526
RUST,2023-02,0,270,43526
RUST,2023-03,0,270,43526
RUST,2023-04,0,270,43526
RUST,2023-05,0,270,43526
RUST,2023-06,0,270,43526
RUST,2023-07,0,270,43526
RUST,2023-08,0,270,43526
RUST,2023-09,0,270,43526
RUST,2023-10,0,270,43526
RUST,2023-11,0,270,43526
RUST,2023-12,0,270,43526
RUST,2024-01,0,270,43526
RUST,2024-02,0,270,43526
RUST,2024-03,0,270,43526
RUST,2024-04,1,270,43526
RUST,2024-05,0,298,53110
RUST,2024-06,0,298,53110
RUST,2024-07,0,298,53110
RUST,2024-08,0,298,53128
RUST,2024-09,0,298,53128
RUST,2024-10,0,312,55578
RUST,2024-11,0,314,55916
RUST,2024-12,0,314,55916
RUST,2025-01,0,314,55916
RUST,2025-02,0,314,55916
RUST,2025-03,0,328,57463
RUST,2025-04,0,328,57463
RUST,2025-05,0,328,57463
RUST,2025-06,0,328,57463
RUST,2025-07,0,328,57463
RUST,2025-08,0,328,57463
RUST,2025-09,0,328,57463
RUST,2025-10,0,328,57463
RUST,2025-11,0,328,57463
RUST,2025-12,0,328,57463
RUST,2026-01,0,328,57463
RUST,2026-02,0,328,57463
RUST,2026-03,0,328,57463
RUST,2026-04,0,328,57463
SWIFT,2018-02,0,0,0
SWIFT,2018-03,1,32,3662
SWIFT,2018-04,0,32,3662
SWIFT,2018-05,0,32,3662
SWIFT,2018-06,0,32,3662
SWIFT,2018-07,3,32,3662
SWIFT,2018-08,0,32,3671
SWIFT,2018-09,0,32,3671
SWIFT,2018-10,0,34,4785
SWIFT,2018-11,0,34,4785
SWIFT,2018-12,0,34,4785
SWIFT,2019-01,1,34,4785
SWIFT,2019-02,0,34,4785
SWIFT,2019-03,0,34,4785
SWIFT,2019-04,0,34,4785
SWIFT,2019-05,0,34,4785
SWIFT,2019-06,0,34,4785
SWIFT,2019-07,0,34,4785
SWIFT,2019-08,0,34,4785
SWIFT,2019-09,0,34,4785
SWIFT,2019-10,0,35,4894
SWIFT,2019-11,0,35,4894
SWIFT,2019-12,0,35,4894
SWIFT,2020-01,0,35,4894
SWIFT,2020-02,0,35,4894
SWIFT,2020-03,0,35,4894
SWIFT,2020-04,0,35,4894
SWIFT,2020-05,0,35,4894
SWIFT,2020-06,0,35,4894
SWIFT,2020-07,0,35,4894
SWIFT,2020-08,0,35,4894
SWIFT,2020-09,0,35,4894
SWIFT,2020-10,0,35,4894
SWIFT,2020-11,0,35,4894
SWIFT,2020-12,0,35,4894
SWIFT,2021-01,0,70,6852
SWIFT,2021-02,2,70,6852
SWIFT,2021-03,0,70,6852
SWIFT,2021-04,0,71,7414
SWIFT,2021-05,0,71,7414
SWIFT,2021-06,0,128,18129
SWIFT,2021-07,0,128,18129
SWIFT,2021-08,1,139,23107
SWIFT,2021-09,0,139,23107
SWIFT,2021-10,0,141,23735
SWIFT,2021-11,0,141,23735
SWIFT,2021-12,0,149,25198
SWIFT,2022-01,0,149,25198
SWIFT,2022-02,0,149,25198
SWIFT,2022-03,0,149,25198
SWIFT,2022-04,0,149,25198
SWIFT,2022-05,0,149,25198
SWIFT,2022-06,0,153,25453
SWIFT,2022-07,0,195,33826
SWIFT,2022-08,0,195,33826
